image,name,pieces
https://images.brickset.com/sets/small/10260-1.jpg?201711290356,Downtown Diner,2480
https://images.brickset.com/sets/small/10261-1.jpg?201804260155,Roller Coaster,4124
https://images.brickset.com/sets/small/10262-1.jpg?201807180952,James BondÂ Aston Martin DB5,1290
https://images.brickset.com/sets/small/10263-1.jpg?201809090258,Winter Village Fire Station,1166
https://images.brickset.com/sets/small/10268-1.jpg?201810120844,Vestas Wind Turbine,826
https://images.brickset.com/sets/small/10401-1.jpg?201712110858,Rainbow Fun,85
https://images.brickset.com/sets/small/10402-1.jpg?201712110858,Fun Future,186
https://images.brickset.com/sets/small/10403-1.jpg?201712110858,World Fun,295
https://images.brickset.com/sets/small/10404-1.jpg?201712110858,Ocean's Bottom,579
https://images.brickset.com/sets/small/10405-1.jpg?201801010943,Mission to Mars,871
https://images.brickset.com/sets/small/10712-1.jpg?201712110858,Bricks and Gears,244
https://images.brickset.com/sets/small/10713-1.jpg?201712110858,Creative Suitcase,213
https://images.brickset.com/sets/small/10714-1.jpg?201712141130,Blue Baseplate,1
https://images.brickset.com/sets/small/10715-1.jpg?201801010943,Bricks on a Roll,442
https://images.brickset.com/sets/small/10717-1.jpg?201805161124,Extra Large Brick Box,1500
https://images.brickset.com/sets/small/10748-1.jpg?201711170837,Emma's Pet Party,67
https://images.brickset.com/sets/small/10749-1.jpg?201711170837,Mia's Organic Food Market,115
https://images.brickset.com/sets/small/10750-1.jpg?201711170837,Road Repair Truck,73
https://images.brickset.com/sets/small/10751-1.jpg?201711170837,Mountain Police Chase,115
https://images.brickset.com/sets/small/10753-1.jpg?201712110858,The Joker Batcave Attack,151
https://images.brickset.com/sets/small/10754-1.jpg?201712110858,Spider-Man vs. Scorpion Street Showdown,125
https://images.brickset.com/sets/small/10755-1.jpg?201712110858,Zane's Ninja Boat Pursuit,131
https://images.brickset.com/sets/small/10756-1.jpg?201804170103,Pteranodon Escape,84
https://images.brickset.com/sets/small/10757-1.jpg?201804170103,Raptor Rescue Truck,85
https://images.brickset.com/sets/small/10758-1.jpg?201804170103,T. Rex Breakout,150
